weekofyear,ndvi_ne,ndvi_nw,ndvi_se,ndvi_sw,reanalysis_relative_humidity_percent,reanalysis_specific_humidity_g_per_kg,station_avg_temp_c,station_diur_temp_rng_c,station_max_temp_c,station_min_temp_c,station_precip_mm,total_cases
26,0.1928857,0.1322571,0.3408857,0.2472,92.4185714286,16.6514285714,26.4,10.775,32.5,20.7,3.0,0
27,0.2168333,0.2761,0.2894571,0.2416571,93.5814285714,16.8628571429,26.9,11.5666666667,34.0,20.8,55.6,0
28,0.1767571,0.1731286,0.2041143,0.1280143,95.8485714286,17.12,26.8,11.4666666667,33.0,20.7,38.1,0
29,0.2277286,0.1454286,0.2542,0.2003143,87.2342857143,14.4314285714,25.7666666667,10.5333333333,31.5,14.7,30.0,0
30,0.3286429,0.3221286,0.2543714,0.3610429,88.1614285714,15.4442857143,26.6,11.48,33.3,19.1,4.0,0
31,0.2055286,0.1907571,0.2316714,0.2553143,74.7285714286,13.4214285714,25.34,10.94,32.0,17.0,11.5,0
32,0.3124857,0.3299857,0.3805857,0.3872714,83.2757142857,15.3114285714,27.0166666667,11.65,34.0,19.9,72.9,0
33,0.3841333,0.39224,0.34178,0.38275,82.49,15.4657142857,26.5833333333,10.3166666667,33.0,20.5,50.1,0
34,0.4081571,0.3221571,0.4067143,0.3027143,74.74,14.4442857143,26.9,13.4,34.0,19.0,89.2,0
35,0.3320429,0.3210571,0.3146143,0.3242571,74.1514285714,15.0571428571,27.1166666667,12.2666666667,34.0,20.0,78.0,0
36,0.2955857,0.2956833,0.3122143,0.2659286,57.7871428571,12.6528571429,28.3666666667,12.9,35.8,21.7,56.9,1
37,0.2846571,0.3097571,0.3878833,0.3281571,71.66,15.2271428571,27.425,12.775,34.5,20.5,18.9,0
38,0.3488143,0.2957167,0.4048429,0.2425714,77.4871428571,14.3385714286,27.5333333333,12.5666666667,36.0,20.5,104.2,0
39,0.1756857,0.09948333,0.2257143,0.1827857,71.4628571429,14.7985714286,27.15,12.175,34.0,20.5,57.9,0
40,0.33754,0.2769429,0.2775,0.25505,82.3714285714,16.1485714286,26.7,11.675,34.0,20.0,63.0,0
41,0.2235333,0.1339143,0.3498,0.1009167,81.5228571429,16.0714285714,27.6571428571,11.3,34.0,21.0,3.0,1
42,0.2748,0.1870571,0.3739429,0.2794714,75.54,15.5285714286,27.775,12.275,36.0,21.0,45.2,1
43,0.3673,0.30555,0.45538,0.3258,76.9414285714,16.1957142857,28.0,12.4666666667,34.6,20.0,57.9,0
44,0.2951,0.21152,0.3044,0.2796167,79.4285714286,16.8685714286,27.6,12.3333333333,35.5,21.1,7.1,0
45,0.2713667,0.1515667,0.34725,0.2318667,74.8028571429,16.8471428571,28.175,12.25,35.2,21.5,13.5,0
46,0.09993333,0.03586,0.1954857,0.06418333,67.1857142857,15.88,29.025,13.1,36.4,21.7,0.0,0
47,0.1699833,0.2893,0.3009833,0.1709167,66.0428571429,14.7685714286,27.7,11.35,36.5,21.5,,0
48,0.2519714,0.2538,0.3235143,0.3191,78.8857142857,16.2442857143,27.05,11.575,34.2,21.0,19.0,0
49,0.1658333,0.1824143,0.2545667,0.18625,68.5571428571,14.9,28.0,12.0,34.0,22.0,0.8,0
50,0.3387857,0.3168286,0.3503429,0.2977,80.4085714286,16.0985714286,26.6166666667,9.65,33.8,21.0,67.2,1
51,0.2650143,0.1690571,0.2348667,0.3022429,60.6414285714,13.1885714286,28.2,12.2833333333,35.0,21.0,0.0,0
1,0.2547143,0.2285286,0.2505857,0.287,94.9557142857,18.6728571429,27.3333333333,11.0,33.3,21.8,38.9,0
2,0.3021333,0.2035167,0.2674333,0.274,82.3471428571,15.8585714286,27.0,11.225,33.2,20.7,59.9,0
3,0.1747571,0.1033167,0.2582429,0.1767286,84.1757142857,16.6,27.05,10.9,33.0,20.5,52.0,0
4,0.2376,0.1912667,0.1258571,0.2314429,94.0571428571,16.0714285714,25.7166666667,9.43333333333,31.2,20.0,166.9,0
5,0.3415,0.2606667,0.3293857,0.3690714,95.4071428571,15.86,26.4333333333,9.66666666667,33.0,20.0,147.8,0
6,0.2335857,0.161,0.1966143,0.2267,89.08,14.9471428571,27.35,10.025,34.2,21.7,3.3,0
7,0.1554143,0.1350167,0.1485286,0.1571,94.8842857143,15.93,26.3,8.95,33.0,21.0,83.1,0
8,0.1353714,0.0823,0.1297571,0.1840429,92.8428571429,16.2514285714,26.9333333333,10.0,33.2,21.0,38.1,0
9,0.30764,0.2282167,0.2245,0.2912833,93.3142857143,17.3085714286,26.56,9.48,33.2,20.5,21.1,0
10,0.1820429,0.289,0.2068714,0.2063286,94.0928571429,18.0557142857,27.2,10.15,33.3,20.0,87.1,0
11,0.2053833,0.1769,0.2063571,0.2041286,94.0942857143,17.0657142857,27.05,12.1,34.2,20.0,39.9,0
12,0.1883429,0.1950333,0.1635429,0.2841429,82.8014285714,16.7571428571,27.4333333333,11.4333333333,34.1,20.0,70.8,0
13,0.16238,0.1508167,0.09465714,0.1322571,95.9242857143,17.6685714286,27.05,10.95,34.2,20.0,80.0,0
14,0.2678143,0.3126429,0.2615,0.2584,96.7371428571,17.21,27.16,10.98,35.0,20.5,46.2,0
15,0.3827571,0.3709714,0.3438857,0.3762714,94.6028571429,17.6957142857,26.46,11.66,34.0,19.5,120.1,0
16,0.3125429,0.2822143,0.2621286,0.4074857,94.6157142857,17.52,27.34,11.04,33.5,20.4,45.3,1
17,0.2456143,0.2148429,0.2733714,0.2288,88.1485714286,16.9685714286,27.6333333333,10.9333333333,34.3,21.0,14.9,0
18,0.2540143,0.179,0.3128286,0.2625571,92.1928571429,17.3057142857,27.625,11.325,35.2,20.5,51.0,0
19,0.2664571,0.1886,0.1962,0.2273286,95.82,17.8914285714,26.6,8.8,32.7,21.4,66.0,0
20,0.3153429,0.31965,0.2627,0.3034857,98.3414285714,18.64,,,32.5,,0.0,0
21,0.2985857,0.3796667,0.1842429,0.2685286,94.71,17.3685714286,27.4333333333,11.9333333333,34.2,20.5,64.1,1
22,0.2999429,0.3029429,0.3187143,0.3874429,91.4657142857,16.6942857143,27.25,12.65,34.8,20.5,32.0,1
23,0.3635667,0.1819143,0.2539714,0.2467286,89.4871428571,15.9685714286,26.8666666667,10.7333333333,34.0,19.8,17.0,0
24,0.3170833,0.2989667,0.2198714,0.2173429,94.0171428571,15.7828571429,26.88,10.68,33.4,20.0,37.1,0
25,0.1041,0.1082429,0.05965714,0.1137571,88.1714285714,15.1342857143,26.4,10.05,33.2,20.5,9.9,1
26,0.1923,0.2752857,0.3164571,0.3254143,79.3228571429,12.4642857143,,,32.3,17.1,31.0,0
27,0.2290833,0.1932667,0.2704571,0.2421857,84.8571428571,14.2971428571,26.5,11.3666666667,33.2,20.0,70.1,0
28,0.3597167,0.3110571,0.2649857,0.4388429,88.3228571429,14.9285714286,27.35,10.95,33.5,19.5,22.3,0
29,0.3195,0.2050857,0.1947429,0.3616333,84.2457142857,15.6057142857,26.7666666667,10.0666666667,32.8,21.0,36.8,0
30,0.2911571,0.2526333,0.2182,0.3259857,90.8142857143,16.5057142857,27.3666666667,11.4,34.0,21.2,25.2,0
31,0.2371167,0.1956167,0.1883143,0.1339,82.2257142857,14.9857142857,26.52,10.88,34.0,18.4,10.9,0
32,0.2007571,0.2377286,0.2236429,0.2043571,66.6642857143,13.1585714286,27.1,12.175,33.5,17.8,,0
33,0.2821714,0.2735571,0.2658571,0.3664571,69.4757142857,13.7157142857,27.125,12.25,33.4,20.0,18.0,0
34,0.2407571,0.1931143,0.2063429,0.2469143,78.3885714286,15.5114285714,27.6,11.68,34.2,20.0,47.9,0
35,0.2280714,0.1999857,0.2331429,0.2646429,76.9557142857,15.2514285714,27.2,12.4666666667,35.2,20.0,31.0,0
36,0.30695,0.2410286,0.1908714,0.3389429,81.9871428571,16.4371428571,27.375,12.15,34.3,20.8,35.1,0
37,0.3084571,0.2503143,0.2983,0.4290714,78.9571428571,15.6585714286,27.375,11.525,35.2,20.1,41.9,0
38,0.3533143,0.3439714,0.3586714,0.3530429,84.0328571429,16.1042857143,27.525,12.75,35.0,20.2,69.0,0
39,0.3346714,0.3886143,0.2854,0.3197714,79.3657142857,15.8942857143,27.25,11.925,33.4,20.3,13.2,0
40,0.3343857,0.2712857,0.2416857,0.4444,78.33,16.34,28.3,13.34,35.5,20.4,14.2,0
41,0.4202857,0.3819571,0.4438,0.5460167,74.4185714286,15.3271428571,28.525,12.475,36.8,21.8,30.9,0
42,0.3102,0.2971286,0.3454857,0.3820571,72.1628571429,15.8728571429,27.6333333333,12.5333333333,36.7,20.0,159.0,0
43,0.1244833,0.2392667,0.1845,0.2055714,90.2657142857,18.2671428571,28.0666666667,11.9666666667,35.0,21.0,89.1,0
44,0.2108857,0.2075667,0.2066143,0.232,85.5728571429,16.9585714286,27.64,10.38,35.8,21.5,76.0,0
45,0.3581429,0.2793429,0.3059714,0.3714,89.0042857143,17.8214285714,27.525,11.025,34.4,21.3,35.1,0
46,0.2773286,0.2303,0.2773,0.2969714,87.4814285714,17.8,28.44,10.18,34.5,21.0,43.9,0
47,0.3297,0.3304167,0.3406429,0.4415714,88.8371428571,18.4514285714,27.575,11.575,33.7,20.8,31.0,1
48,0.3015,0.3613,0.3055714,0.3699167,87.3771428571,17.4271428571,28.2333333333,11.6666666667,35.3,21.8,12.2,1
49,0.3250571,0.2264714,0.2992571,0.3504714,87.24,17.5957142857,28.425,11.65,35.5,21.2,23.1,1
50,0.3260333,0.2355333,0.3155714,0.3066429,96.1185714286,19.3057142857,27.84,10.96,35.0,21.0,75.0,2
51,0.2229429,0.2240714,0.2128143,0.1841286,93.9471428571,18.9657142857,27.075,9.5,32.9,21.0,57.9,4
52,0.2981889,0.3380778,0.2887889,0.3417,96.3557142857,19.3028571429,27.35,8.65,33.3,22.0,25.1,1
1,0.4057286,0.3484,0.3686429,0.3800143,94.5885714286,17.6185714286,27.95,9.45,33.2,23.0,45.3,4
2,0.3275833,0.3759167,0.4102667,0.3833333,76.6028571429,16.4828571429,28.9666666667,11.9333333333,35.4,21.0,7.1,11
3,0.2410857,0.14565,0.2780286,0.1976429,75.2042857143,16.1571428571,28.8,12.7666666667,36.0,22.0,5.0,16
4,0.1041286,0.1483286,0.1121857,0.1419143,81.5271428571,16.6771428571,27.94,11.8,35.8,21.0,18.0,23
5,,,,,96.2671428571,17.69,26.3,9.7,32.5,20.8,120.2,12
6,0.1849167,0.1733286,0.1687429,0.1844286,96.6414285714,16.7228571429,26.625,9.725,34.0,20.8,70.4,14
7,0.2919714,0.2241429,0.3051,0.3732714,93.4385714286,18.1471428571,27.85,10.725,33.6,20.8,62.8,18
8,0.1288,0.1224333,0.09594286,0.1251714,92.05,17.6871428571,27.02,9.78,33.5,21.0,14.0,8
9,0.1162,0.1787429,0.08991429,0.2104143,97.1571428571,18.1257142857,26.7,9.6,32.2,20.5,47.6,7
10,0.3183667,0.2556,0.266,0.2973833,91.2214285714,18.3614285714,27.85,13.2,35.7,21.0,48.3,10
11,0.2483857,0.1795,0.2698143,0.2992333,89.7785714286,17.7957142857,26.95,10.45,34.5,21.6,9.1,7
12,0.2265857,0.2483333,0.2302,0.2435143,94.1657142857,18.4428571429,26.95,11.775,33.3,20.6,76.8,10
13,0.2127857,0.27455,0.1987,0.2284571,98.4571428571,17.68,26.1,10.3,32.3,20.7,49.0,5
14,0.19708,0.2962286,0.1805,0.2763286,97.7757142857,18.3957142857,27.3,10.4,32.5,20.2,20.1,11
15,0.2698286,0.1968143,0.2025857,0.2662857,97.2442857143,17.93,26.3,9.4,31.4,20.8,13.0,8
16,0.26935,0.2121571,0.1889286,0.1949429,92.6157142857,17.9357142857,27.2,13.0,34.6,20.3,,18
17,0.2678429,0.2614143,0.2485,0.2669286,95.2514285714,18.2228571429,27.2666666667,10.7,33.3,21.7,53.9,13
18,0.1703571,0.1418286,0.1977286,0.2570714,93.8457142857,17.8071428571,,,33.5,21.2,1.0,9
19,0.2272571,0.1782429,0.1773857,0.2101143,95.22,18.0242857143,27.5,11.525,34.0,21.3,25.4,22
20,0.1338,0.1096333,0.2196143,0.1417,97.2428571429,17.7442857143,26.8666666667,9.7,32.3,20.8,543.3,10
21,0.1921143,0.1776429,0.2308571,0.2222,94.8042857143,17.5842857143,27.7,12.15,33.8,20.8,9.1,5
22,0.1764571,0.1749143,0.1881571,0.2386286,93.7885714286,17.8228571429,26.325,9.775,32.3,20.8,146.7,13
23,0.3204714,0.2780857,0.2377286,0.3431857,94.3457142857,16.7742857143,27.3,11.6333333333,34.3,20.7,28.0,2
24,0.3862667,0.2591333,0.3284143,0.3916286,94.1442857143,17.6385714286,27.8,11.5,34.0,20.7,1.0,11
25,0.2212714,0.1735143,0.2119714,0.2252143,85.7371428571,15.4142857143,26.2333333333,8.73333333333,33.0,18.8,31.0,11
26,0.1791714,0.2791,0.1326143,0.2132857,82.1671428571,13.87,26.15,10.8,32.6,18.6,7.1,3
27,0.1015429,0.1266,0.1193571,0.07624286,85.5657142857,13.4542857143,26.275,9.5,32.6,20.7,5.1,7
28,0.21602,0.2350667,0.1511857,0.2129714,85.6728571429,14.4642857143,26.1333333333,10.6333333333,32.3,20.3,26.3,7
29,0.1080429,0.07298571,0.1112286,0.1179714,84.6685714286,14.8185714286,25.4,9.0,30.1,20.1,0.0,4
30,0.2225,0.2631,0.2489857,0.3464714,83.4971428571,14.93,27.8,11.6,33.6,19.5,68.1,5
31,0.3870143,0.2601714,0.3492714,0.2830571,87.0342857143,16.0757142857,26.7,11.14,33.8,19.3,35.6,6
32,0.3041167,0.2788429,0.3074571,0.3378429,80.47,14.2457142857,27.25,12.8,34.0,20.2,0.0,7
33,0.3771571,0.3059,0.2884,0.3608429,69.06,13.4414285714,27.8333333333,12.2333333333,35.1,20.6,7.1,7
34,0.345425,0.31354,0.29505,0.3092667,82.1414285714,14.0457142857,,,33.1,20.8,70.6,4
35,0.3045429,0.2694429,0.2508571,0.3224714,77.7657142857,15.4128571429,27.4,11.15,35.1,20.9,24.1,9
36,0.2290143,0.1319714,0.2494571,0.1908857,77.0828571429,16.0342857143,27.4,10.475,33.3,21.7,17.0,17
37,0.3075429,0.2941714,0.3234,0.1907714,73.1414285714,14.7457142857,28.2333333333,13.2333333333,35.9,19.9,89.9,8
38,0.3274143,0.3472571,0.3386714,0.3838714,64.6885714286,13.9742857143,28.9,12.7,36.6,21.5,0.8,22
39,0.2379833,0.3084286,0.2681143,0.3200429,79.5628571429,16.18,27.9,12.2,36.0,20.4,86.9,18
40,0.2721143,0.1793667,0.3142429,0.2741714,74.25,15.6342857143,29.2,14.1333333333,37.7,21.7,74.2,21
41,0.37815,0.3857833,0.2314286,0.2459333,85.1371428571,17.2114285714,28.075,11.45,34.6,21.8,79.8,16
42,0.1992714,0.1592429,0.2581286,0.2277143,86.9985714286,17.1857142857,28.0,11.6333333333,34.2,22.0,4.5,31
43,0.2278714,0.2144571,0.2997714,0.2229429,87.7171428571,16.49,27.95,10.3,36.0,21.8,167.8,25
44,0.3290857,0.2862143,0.2940571,0.3159286,91.9442857143,18.6028571429,,,34.1,22.5,34.1,28
45,0.3071429,0.27695,0.2879286,0.3642857,95.2857142857,18.2671428571,28.3,11.0,33.8,22.6,63.9,26
46,0.2368333,0.2021571,0.2095143,0.1620286,96.0471428571,17.9071428571,27.6,10.7,33.6,21.4,212.6,18
47,0.2506143,0.2791333,0.2156333,0.2982667,96.84,18.4157142857,27.35,8.9,33.5,21.7,77.0,27
48,0.3109286,0.2852286,0.2907286,0.2563286,93.3957142857,18.7842857143,28.1,10.55,34.0,22.0,17.2,11
49,0.3008,0.2528,0.3449571,0.3483286,90.6628571429,18.1057142857,28.5,9.75,33.7,22.9,46.0,38
50,0.2680286,0.1424286,0.2886714,0.1850714,92.6142857143,18.0042857143,27.65,9.45,34.0,22.9,57.2,29
51,0.2542286,0.1839143,0.2707143,0.2090286,93.8457142857,18.2614285714,27.98,8.72,34.0,23.3,24.0,21
52,0.1194,0.1364,0.1718286,0.1895857,93.4085714286,18.2357142857,27.975,10.65,33.8,21.9,137.9,11
1,0.3234143,0.3004143,0.3291857,0.3184286,84.06,17.4528571429,28.45,9.95,34.4,22.4,92.9,10
2,0.4884,0.4024429,0.4149286,0.4697,91.56,17.4971428571,28.9333333333,10.2,35.0,22.1,35.1,5
3,0.303,0.1694667,0.2915429,0.3012857,94.3742857143,17.43,28.0,9.5,33.3,22.5,164.4,6
4,0.2249571,0.2602714,0.2069286,0.2895,84.46,16.5142857143,28.4,10.6,34.2,23.0,67.1,2
5,0.1660286,0.1406286,0.1913857,0.1834429,74.8842857143,15.5928571429,28.6,12.0,35.4,22.5,7.9,1
6,0.19145,0.08642857,0.1368,0.1567143,94.5528571429,17.8528571429,26.6,7.0,33.8,22.4,41.9,2
7,0.3137143,0.2284143,0.2521143,0.2864714,94.3542857143,17.0157142857,26.75,8.35,33.2,22.4,55.9,2
8,0.1262571,0.1355143,0.1036571,0.1337143,89.9742857143,18.02,,,32.4,23.3,121.9,3
9,0.2976,0.2366333,0.22915,0.2072833,86.0128571429,18.0442857143,29.4,11.2,35.0,22.9,0.0,5
10,0.1695286,0.1389571,0.2340571,0.1851429,92.4685714286,17.5,27.95,9.1,32.9,22.9,5.0,1
11,0.2,0.1902857,0.1589429,0.1636286,96.1714285714,17.5157142857,26.7,7.5,32.0,22.1,98.4,4
12,0.2142143,0.2251571,0.2191714,0.2485,93.6285714286,18.2528571429,27.6,9.9,33.5,22.7,61.9,2
13,0.1475286,0.2694571,0.1268571,0.2059143,91.5942857143,18.4842857143,30.8,15.8,42.2,21.8,75.9,4
14,0.2482,0.2627714,0.2065,0.2886857,93.0142857143,18.2785714286,28.26,9.96,34.2,22.6,75.0,0
15,0.2052429,0.1842,0.1931286,0.2087857,96.27,19.0785714286,28.175,9.675,34.5,22.9,79.0,0
16,0.2668286,0.2182286,0.1998714,0.2621429,95.9928571429,17.5342857143,27.72,8.48,34.2,22.4,49.0,0
17,0.3234429,0.2531714,0.2852286,0.2931,92.5471428571,18.1557142857,28.2,10.45,33.9,21.8,82.9,0
18,0.4350571,0.3769143,0.2636143,0.3348429,97.2771428571,17.6885714286,27.2,8.33333333333,32.9,22.7,105.9,1
19,0.1994286,0.1501,0.1834667,0.1477,96.14,17.2228571429,28.35,9.31666666667,33.6,23.4,69.0,1
20,0.2454286,0.1847,0.2614571,0.2688857,98.1328571429,16.0857142857,27.0,8.8,32.5,22.0,246.2,1
21,0.1892571,0.16695,0.1843,0.1707429,95.8542857143,16.5157142857,27.4666666667,8.9,32.5,22.3,145.8,1
22,0.2411429,0.1987,0.2537286,0.2544571,92.4614285714,17.6185714286,27.7,8.72,35.0,22.4,187.9,1
23,0.2369571,0.1213143,0.1923143,0.2074,97.6171428571,17.6514285714,27.2,8.15,33.4,22.4,72.1,2
24,0.3135857,0.3539833,0.2658571,0.2809143,96.2228571429,17.6685714286,27.7,9.575,33.2,21.6,107.0,3
25,0.3237,0.2755,0.3547571,0.2723143,90.0485714286,15.4771428571,27.525,10.725,33.5,21.8,40.4,4
26,0.1882571,0.2322667,0.1737714,0.1928,95.5757142857,15.9857142857,26.95,9.45,32.7,21.9,93.5,6
27,0.2618143,0.1715857,0.3099429,0.2584286,94.1271428571,15.5114285714,25.8666666667,7.5,33.8,21.7,79.3,2
28,0.1802714,0.1629714,0.1541286,0.1611,86.6557142857,15.6185714286,27.075,10.875,33.2,20.7,1.5,2
29,0.1935714,0.16885,0.1590857,0.2314714,85.6114285714,15.2971428571,27.6666666667,10.8333333333,33.4,17.4,23.8,5
30,0.2858143,0.1630714,0.2880286,0.2774571,77.8042857143,13.5585714286,26.4666666667,10.3666666667,32.1,18.0,9.9,1
31,0.2077857,0.1562143,0.1743286,0.2188143,82.27,14.6857142857,27.225,9.9,32.4,21.3,69.1,1
32,0.2443714,0.1746429,0.2174143,0.2323,77.8614285714,14.5842857143,27.85,11.2,34.2,21.3,117.0,0
33,0.2471143,0.1711143,0.2337429,0.2638,83.9271428571,15.5885714286,27.4,10.05,34.4,21.7,79.0,0
34,0.4252429,0.3624833,0.3566143,0.3855286,81.9428571429,15.01,27.75,11.9,34.0,20.0,18.3,0
35,0.2495857,0.2122,0.2508143,0.2652143,85.7257142857,16.4457142857,28.0,12.1,34.4,21.4,95.7,0
36,0.3417,0.2863143,0.2101857,0.2659857,70.9285714286,12.9471428571,26.65,11.9,33.9,18.5,0.8,2
37,0.2232286,0.2028714,0.1952571,0.2701857,76.5328571429,15.4471428571,27.8333333333,12.3,34.3,21.0,53.1,0
38,0.3644857,0.2609857,0.3164571,0.3851571,85.03,15.3114285714,27.8,11.6,35.3,16.8,92.3,3
39,0.4011857,0.3545167,0.3276714,0.3920429,88.1171428571,17.2628571429,28.0333333333,10.6333333333,34.7,21.8,27.2,0
40,0.2535,0.2371143,0.2290286,0.2321714,83.6828571429,17.4514285714,28.575,12.175,35.5,21.8,34.5,0
41,0.1760286,0.1963833,0.2257571,0.2349286,92.1657142857,17.9142857143,27.2,9.35,35.7,22.3,138.2,0
42,0.2758286,0.2288429,0.2752,0.2871143,90.3428571429,17.7971428571,28.3,10.65,34.4,22.9,36.0,2
43,0.4750143,0.3795,0.4249429,0.4324429,87.37,17.8957142857,27.975,10.475,34.5,20.7,32.1,2
44,0.1345143,0.1314714,0.1153571,0.1212714,77.7842857143,16.8728571429,28.7333333333,11.1333333333,35.5,22.8,56.4,3
45,0.3946571,0.3269571,0.3912143,0.4190429,88.48,17.39,27.6,9.56666666667,34.0,21.9,139.7,3
46,0.3176857,0.3246,0.2498,0.3244714,86.7557142857,17.2928571429,28.5,10.85,35.5,20.8,79.0,3
47,0.2636429,0.2816571,0.2466667,0.3012571,90.8828571429,18.3785714286,27.9,10.55,36.0,22.4,284.4,1
48,0.2749,0.2452,0.3094571,0.2953286,86.9957142857,18.27,28.3,10.2333333333,34.7,22.0,26.2,2
49,0.4003429,0.3180571,0.3287714,0.3696429,89.2071428571,17.7457142857,28.7666666667,10.1666666667,35.1,22.0,138.0,3
50,0.3586286,0.24435,0.3519,0.3588,93.2314285714,19.1071428571,28.4,11.7,34.2,22.5,47.4,6
51,0.1926667,0.2244,0.1361143,0.1363143,93.9171428571,18.5328571429,28.3,10.45,34.8,22.1,66.8,5
52,0.2850778,0.2306556,0.2676444,0.2647778,96.9371428571,17.1728571429,27.3,9.6,33.1,22.3,185.7,1
1,0.2025714,0.1989667,0.2445571,0.1879571,,,,,,,,4
2,0.24942,0.30885,0.2086286,0.2590143,95.7942857143,18.2557142857,27.4333333333,8.66666666667,34.2,22.4,137.2,5
3,0.32786,0.29844,0.30672,0.34024,96.1285714286,18.7128571429,28.7,9.9,34.1,23.1,68.1,8
4,0.3205857,0.3365286,0.2566,0.3441143,82.4671428571,17.4914285714,28.7333333333,11.4,34.6,21.8,20.1,5
5,0.2330143,0.2351857,0.1964857,0.2055429,65.2842857143,14.5485714286,28.925,12.125,35.6,22.3,0.0,2
6,0.1235429,0.0993,0.1128571,0.1172,72.9271428571,15.5671428571,29.2,13.525,36.4,20.6,24.1,3
7,0.2787429,0.2987571,0.3127143,0.3048286,86.7657142857,17.1742857143,27.925,9.5,33.3,22.8,13.4,3
8,0.2366286,0.1670429,0.1970286,0.2225143,87.7185714286,17.2085714286,26.6,8.1,35.5,22.0,8.6,1
9,0.3190571,0.3352333,0.2176286,0.3000286,93.0128571429,17.95,27.4666666667,10.1333333333,34.4,20.6,18.9,6
10,0.2094714,0.2086571,0.1715,0.1935714,92.5614285714,18.0942857143,28.4,11.3,34.5,22.3,79.0,4
11,0.3076833,0.2140167,0.33865,0.3110429,96.2885714286,17.61,28.0,11.0,33.5,22.5,24.1,1
12,0.3859857,0.4247833,0.3514143,0.3465286,93.6285714286,18.2485714286,28.3,9.5,34.3,21.7,187.2,2
13,0.3062833,0.19872,0.02988,0.29015,96.2385714286,18.2371428571,28.65,9.3,34.0,23.6,142.6,3
14,0.136,0.138,0.1862333,0.1294333,97.9414285714,18.47,28.0666666667,9.1,33.9,22.7,2.0,1
15,0.3592143,0.3348429,0.2791571,0.3612714,96.4985714286,18.8257142857,27.65,9.5,33.1,22.3,4.0,8
16,0.2441857,0.1958286,0.1747,0.1882286,92.32,18.3085714286,28.0333333333,10.3666666667,33.6,21.7,36.9,4
17,0.3742857,0.3308,0.2340333,0.2549429,94.7885714286,18.4085714286,28.0,10.65,34.5,22.5,39.6,6
18,0.27884,0.1637667,0.1911833,0.3266286,97.8085714286,18.34,27.5333333333,8.66666666667,32.9,22.6,148.5,7
19,0.1575667,0.1215429,0.1904143,0.1225333,95.1157142857,18.5114285714,27.2333333333,9.93333333333,33.3,22.0,97.0,5
20,0.1716667,0.1522333,0.1598333,0.1769,93.8971428571,16.7785714286,27.3,8.4,33.0,19.5,91.8,8
21,0.2254667,0.18515,0.1942,0.2483167,91.6271428571,17.4014285714,26.65,7.4,34.2,22.5,296.9,6
22,0.1903143,0.07784286,0.1931714,0.1023286,93.5757142857,17.5,,,33.3,20.5,28.2,5
23,0.1073,0.1170667,0.1967857,0.1106143,94.6928571429,17.2128571429,27.5,9.5,32.8,19.8,203.0,6
24,0.2378429,0.2350833,0.1669571,0.2119714,96.8757142857,16.42,26.8,8.56666666667,32.0,20.9,87.9,6
25,0.3329571,0.191,0.2340429,0.3255143,92.3714285714,16.1385714286,25.9,8.4,33.3,21.5,43.2,13
26,0.2392333,0.1535429,0.1328286,0.1970429,90.4471428571,15.3128571429,25.075,9.075,32.1,18.6,98.5,2
27,0.2572143,0.3249286,0.1978,0.1967571,94.6685714286,16.5142857143,25.9,8.15,30.9,21.1,170.1,10
28,0.3175571,0.3013857,0.2793714,0.3355429,90.9057142857,16.2528571429,26.55,8.85,32.0,21.8,43.2,3
29,0.2328286,0.2737667,0.2338,0.1532429,85.1585714286,15.86,26.8,11.7,33.1,20.5,31.0,12
30,0.2679429,0.2995,0.2177,0.2849857,90.9285714286,16.48,26.3,8.8,32.1,21.9,103.1,7
31,0.2089,0.1555,0.2203,0.2542571,92.5271428571,15.9757142857,,,32.9,19.4,6.0,6
32,0.2489,0.2659571,0.2185286,0.2375571,79.7185714286,14.6942857143,,,34.0,18.3,55.1,5
33,0.1910714,0.227,0.1685286,0.2957,79.2357142857,13.8242857143,,,31.3,20.0,0.5,6
34,0.3931286,0.3286429,0.2767714,0.3885143,78.4814285714,14.9614285714,,,,21.7,0.5,6
35,0.3113,0.2609286,0.2330143,0.2997857,83.1728571429,16.0771428571,,,32.8,20.4,0.0,6
36,0.3343571,0.3720286,0.3420143,0.2845857,86.54,16.4842857143,27.1,9.8,32.0,20.9,195.1,8
37,0.1302667,0.15128,0.1108143,0.1174857,88.7428571429,17.67,27.4,8.7,34.3,23.0,23.2,6
38,0.2680714,0.2102286,0.2273429,0.32515,91.2,17.44,27.1666666667,9.5,33.0,20.4,87.3,9
39,0.3915333,0.3207286,0.1595857,0.3325286,79.5571428571,15.9014285714,28.0,13.5,34.7,18.8,20.1,12
40,0.2754571,0.2193,0.2612571,0.3283857,84.8071428571,17.7114285714,28.65,13.1,35.5,21.8,40.1,19
41,0.2614714,0.1862429,0.3057286,0.2577429,88.8257142857,16.8242857143,26.975,10.875,33.0,20.6,27.9,8
42,0.3523286,0.2841714,0.3764143,0.3553429,94.16,18.5471428571,28.55,11.3,34.5,21.4,120.6,16
43,0.2538429,0.1996667,0.3036857,0.2235571,85.0657142857,17.9014285714,27.7,9.55,35.6,22.4,13.0,21
44,0.2953286,0.2312286,0.2604,0.3197714,87.87,17.5371428571,27.4,10.0,35.8,21.3,89.9,6
45,0.4148857,0.3245571,0.2727429,0.3656714,84.8271428571,17.8057142857,28.35,12.35,34.9,21.8,101.4,22
46,0.3466857,0.3154143,0.2708571,0.3742,96.3542857143,18.1214285714,27.2,8.9,33.7,22.4,184.2,37
47,0.2278714,0.1945,0.1909143,0.2095571,84.6114285714,17.7385714286,28.25,11.0,35.8,22.5,107.4,33
48,0.2153167,0.1672857,0.2026286,0.2191286,95.2514285714,18.7142857143,28.0,10.36,35.3,22.6,77.0,18
49,0.2019429,0.1593667,0.1590429,0.2410857,87.13,18.11,27.9,11.0,34.1,22.4,64.0,83
50,0.3234286,0.3095143,0.2758286,0.3359,93.9385714286,18.2071428571,,,,,9.9,116
51,0.2611429,0.2033143,0.2437429,0.2363571,88.78,18.04,28.375,9.65,34.0,22.6,128.3,32
52,0.3648625,0.3266,0.4031125,0.3162,93.2528571429,18.8557142857,27.8,8.5,33.3,22.6,100.8,7
53,,,,,,,,,,,,9
1,0.3148429,0.1866286,0.3033,0.2704,93.0057142857,18.37,28.5,9.1,33.2,23.0,74.9,10
2,0.3044143,0.3612571,0.3126,0.3156286,95.53,18.4085714286,28.4,10.4,34.2,22.5,232.1,5
3,0.3459333,0.3118,0.291,0.3379714,83.3,18.2585714286,28.8666666667,11.1666666667,35.5,22.5,194.0,8
4,0.3643667,0.2779143,0.2925571,0.2806857,87.3128571429,18.6457142857,28.8666666667,12.0666666667,35.1,22.1,0.0,7
5,0.1582286,0.16725,0.1518143,0.1266,89.4271428571,18.6357142857,28.525,10.725,35.4,22.2,3.8,8
6,0.2151857,0.1728143,0.2623,0.2283571,95.9771428571,17.5757142857,27.4666666667,8.73333333333,32.8,21.4,70.4,11
7,0.1995,0.2024571,0.2189,0.1806857,95.7485714286,18.9471428571,27.5,9.5,32.3,22.3,350.9,6
8,0.2011,0.2081429,0.2812143,0.2109,91.5771428571,18.2014285714,28.65,10.9,35.2,22.4,84.1,7
9,0.2937167,0.2696167,0.2308,0.2771,94.4014285714,18.7314285714,28.2666666667,9.2,33.8,23.3,19.0,7
10,0.1558429,0.1370833,0.2418714,0.1464286,97.6871428571,19.2742857143,26.8,6.7,34.8,23.4,8.6,14
11,0.2515167,0.1817667,0.1545286,0.2099571,92.2671428571,17.3985714286,28.7,9.85,33.8,22.5,146.1,7
12,0.2150714,0.2127,0.1209286,0.2354286,89.82,17.82,27.72,8.96,33.4,22.5,108.8,9
13,0.3816857,0.3683143,0.3837714,0.3666571,93.8014285714,17.6242857143,28.25,10.85,34.3,20.8,73.9,13
14,0.3091143,0.2173571,0.3001,0.2446571,92.4171428571,17.8928571429,28.1,10.85,33.8,21.6,71.1,16
15,0.1869333,0.1447571,0.1957429,0.1824286,97.3228571429,18.8857142857,27.65,9.35,32.9,22.5,3.6,7
16,0.2082833,0.1649167,0.2776667,0.1962667,97.3814285714,18.5971428571,28.85,10.05,34.0,22.7,105.6,9
17,0.2141,0.2315333,0.1616857,0.2017714,97.1628571429,19.1528571429,28.6,9.1,33.8,23.7,14.5,2
18,0.1465333,0.1345833,0.1343143,0.1880571,95.9371428571,18.1814285714,25.8,7.5,33.5,21.0,13.0,13
19,0.2484333,0.2341,0.2020667,0.1930667,88.2942857143,17.94,27.9,11.6,34.6,21.0,28.0,8
20,0.2700857,0.1737571,0.2104571,0.2297429,93.9185714286,17.9571428571,,,33.2,23.6,95.9,3
21,0.3118143,0.3585429,0.2806571,0.2474571,84.6585714286,17.4071428571,27.4,8.7,33.6,22.4,37.9,5
22,0.3782857,0.3693714,0.3631857,0.3612429,86.7014285714,17.2,,,33.9,20.9,78.9,4
23,0.1395143,0.1401,0.14235,0.1185429,94.5928571429,17.7885714286,27.1,9.16666666667,32.4,22.0,19.5,8
24,0.2890857,0.2256429,0.2247143,0.2651286,89.1942857143,16.8242857143,27.6666666667,9.83333333333,33.3,22.0,73.7,2
25,0.2915571,0.2460714,0.3518571,0.2604571,84.4671428571,16.1685714286,27.35,9.55,32.8,22.4,89.2,3
26,0.2747143,0.1780143,0.2843143,0.2271714,88.3871428571,15.8771428571,26.8333333333,8.76666666667,33.7,20.8,92.0,5
27,0.2008,0.2010667,0.1622667,0.2214,84.6928571429,16.0385714286,27.8,10.7,34.5,21.6,40.9,7
28,0.3869286,0.3350571,0.3298429,0.4413429,77.3728571429,13.9285714286,27.8,11.1333333333,34.2,17.6,167.1,3
29,0.1680286,0.1343286,0.1865571,0.1472571,75.6971428571,14.1914285714,26.55,12.7,33.8,18.2,0.0,5
30,0.3474857,0.2537,0.2769571,0.3653143,84.2385714286,15.26,21.4,5.7,32.3,18.5,71.1,6
31,0.3286857,0.3132571,0.2262143,0.2740143,75.5714285714,14.6085714286,26.25,10.6,32.3,19.2,0.0,5
32,0.2826429,0.2270286,0.2825571,0.239,74.8557142857,15.15,27.325,11.85,33.5,19.8,36.6,5
33,0.2669857,0.2939286,0.336,0.2924857,64.6585714286,13.59,,,32.8,17.3,69.6,4
34,0.3288,0.2715571,0.2723,0.3005,83.8542857143,16.44,27.75,13.1,35.0,20.3,127.0,0
35,0.4568333,0.3595833,0.35945,0.3801167,79.6471428571,15.4285714286,26.8,10.25,35.2,21.4,37.0,0
36,0.3354286,0.2007143,0.3228857,0.3091429,71.9714285714,15.5185714286,,,,21.8,44.0,0
37,0.2394286,0.2148714,0.2390429,0.2276,83.73,17.2228571429,,,,,1.3,0
38,0.1845667,0.1952571,0.1543857,0.2124833,76.5957142857,15.06,25.7666666667,12.2333333333,34.3,16.9,38.1,0
39,0.4054167,0.4287714,0.3706,0.4210857,67.2128571429,15.3314285714,28.65,13.5,37.1,20.7,,2
40,0.3321571,0.3463667,0.2586143,0.3210429,74.9528571429,15.4357142857,28.8,14.9,36.3,21.0,80.8,4
41,0.3734286,0.2774833,0.3742286,0.3522714,75.5085714286,15.9157142857,28.5,11.8,37.0,22.3,233.2,4
42,0.3072571,0.2782143,0.3548286,0.2869571,81.6914285714,17.4171428571,29.1,12.7,36.5,21.7,64.0,3
43,0.3635571,0.3000429,0.2898286,0.3261429,89.1428571429,17.3642857143,28.3,10.95,34.3,21.3,235.2,3
44,0.1875714,0.2133714,0.1718571,0.1789571,87.2314285714,18.55,28.2333333333,10.3,34.3,21.8,102.1,5
45,0.3938,0.2986286,0.4019857,0.4103714,89.31,17.9742857143,,,34.6,22.3,8.9,6
46,0.4424286,0.3481714,0.3430714,0.4731429,93.1771428571,18.5828571429,27.6,10.15,34.5,21.5,139.5,14
47,0.2825714,0.2206,0.2882143,0.2400857,90.3485714286,19.1942857143,28.5,11.0,35.0,21.8,5.1,3
48,0.3178143,0.3027,0.3369429,0.4171286,86.4085714286,18.3042857143,28.2666666667,11.4,34.3,21.7,77.9,7
49,0.3585857,0.2194857,0.2579143,0.2992714,87.7214285714,18.3642857143,28.1,12.5,34.8,21.5,54.1,11
50,0.1984429,0.1941,0.1930143,0.247,92.9571428571,18.9457142857,28.1,11.55,34.0,22.3,6.0,2
51,0.180575,0.1413333,0.2552833,0.1383714,95.6742857143,18.9157142857,28.3,9.9,33.6,22.9,81.1,6
52,0.3546,0.21995,0.3225167,0.2563333,93.8214285714,18.5842857143,27.45,9.7,32.7,22.4,273.5,8
1,0.1995143,0.2393429,0.2276571,0.2155,73.1614285714,14.5242857143,,,34.5,19.7,70.1,25
2,0.2284,0.2020714,0.19475,0.23035,88.3357142857,18.1657142857,27.78,11.0,34.5,21.4,60.1,21
3,0.1743,0.1336429,0.1117571,0.1944286,89.9557142857,17.9414285714,,,33.8,21.5,54.8,10
4,0.1517667,0.1377,0.1478,0.1607833,93.1142857143,17.3642857143,27.3,8.95,33.5,22.3,250.9,28
5,0.3791143,0.3053286,0.3459714,0.3715714,97.32,18.2642857143,,,33.7,21.5,118.9,39
6,0.2568143,0.13605,0.1978286,0.2583143,95.8271428571,18.4428571429,28.0,8.8,32.6,23.6,101.1,20
7,0.3827,0.2506,0.2436571,0.2856,91.0985714286,16.9271428571,28.6,8.9,33.8,24.2,0.0,24
8,0.2621143,0.1248,0.2153571,0.1447857,86.0314285714,17.6057142857,28.24,10.64,34.3,21.3,0.3,28
9,0.1786667,0.1959333,0.1412667,0.1282833,92.6057142857,18.4014285714,27.4333333333,9.56666666667,32.9,21.9,26.9,26
10,0.4246286,0.4113,0.3731857,0.3158571,96.36,18.9028571429,28.0,9.55,33.3,21.9,93.0,8
11,0.1924286,0.1158857,0.1940571,0.1712714,93.3471428571,18.2,27.975,9.2,33.7,22.4,16.0,9
12,0.2885667,0.17954,0.2972714,0.2236429,93.7871428571,17.9114285714,27.4,8.7,32.3,23.0,97.0,12
13,0.24505,0.18885,0.2235333,0.1816667,95.0242857143,18.7342857143,28.3,10.0,33.7,22.0,53.9,18
14,0.2416714,0.2054,0.1560143,0.2833143,91.8114285714,17.61,27.9333333333,10.2666666667,33.7,22.6,178.1,9
15,0.3011286,0.2650571,0.2553143,0.2626857,95.51,18.7142857143,28.3,10.3,33.9,21.4,49.0,9
16,0.3309,0.2654714,0.3195571,0.2849429,92.1114285714,18.0828571429,27.4,8.35,32.8,22.5,11.9,6
17,0.2055714,0.23605,0.1919143,0.1393714,90.8642857143,16.5585714286,27.0,8.46666666667,33.5,19.5,34.0,6
18,0.1516,0.0846,0.1763143,0.1137286,93.6357142857,17.9628571429,27.85,9.1,33.3,22.5,115.0,8
19,0.2866571,0.1871571,0.2665143,0.2874571,96.0985714286,16.9771428571,24.3,5.2,32.3,21.7,270.9,5
20,0.3392857,0.3482857,0.3158286,0.3745714,72.0342857143,12.1114285714,25.2,11.7,31.7,19.4,2.0,7
21,0.2065143,0.1171429,0.1692714,0.1700714,80.3857142857,15.46,27.4666666667,10.4333333333,34.0,21.7,83.0,6
22,0.09837143,0.1010667,0.1863143,0.09775,92.5057142857,16.0257142857,25.6,8.93333333333,31.9,19.3,150.2,5
23,0.3404429,0.1908571,0.3513429,0.2586143,93.4757142857,17.1957142857,26.2,8.6,33.0,21.5,105.2,3
24,0.1732714,0.185,0.1369286,0.1680429,87.2142857143,16.2585714286,28.1,12.7,34.4,21.4,79.5,1
25,0.22138,0.22336,0.3714167,0.22146,88.4714285714,15.8014285714,26.6,10.35,32.5,20.4,74.9,0
26,0.3118571,0.2039333,0.3360286,0.3046286,83.4671428571,15.02,27.2,10.3,33.4,19.8,21.9,1
27,0.3201714,0.2081,0.2921143,0.2326857,90.4328571429,16.0057142857,26.7,9.4,33.0,21.7,110.6,2
28,0.3499857,0.2920429,0.2884571,0.2949167,77.2714285714,14.4171428571,26.25,10.4,33.1,20.6,0.5,3
29,0.3602857,0.341,0.3629571,0.3211286,85.14,15.7885714286,27.4,12.125,34.1,19.9,47.0,2
30,0.3186857,0.3523429,0.3766429,0.2859,79.7428571429,14.88,26.6,11.04,32.6,18.5,11.4,2
31,0.2016857,0.1625571,0.2003286,0.2015571,88.7071428571,16.7071428571,27.225,11.625,34.2,19.7,4.0,2
32,0.4397857,0.3675857,0.3333143,0.3809857,79.2428571429,14.6314285714,27.6,12.2,33.9,19.4,26.6,2
33,0.2908,0.238675,0.2856571,0.3337,84.62,17.0657142857,27.6666666667,10.4333333333,33.3,20.9,75.5,2
34,0.2736429,0.2089429,0.2408857,0.2427571,83.0471428571,16.6914285714,27.3,10.3,34.9,20.9,71.1,4
35,0.3097833,0.3501286,0.2846833,0.3948167,85.3728571429,16.7771428571,26.5,10.0333333333,33.2,20.3,176.0,0
36,0.2277857,0.2833143,0.2443714,0.2834143,75.53,15.4571428571,27.42,12.0,34.1,20.6,15.3,6
37,0.28004,0.2367167,0.2361833,0.25855,77.2542857143,14.6428571429,28.35,11.85,35.0,17.8,0.5,3
38,0.3807286,0.3783667,0.3023,0.3075714,77.5142857143,15.91,27.9333333333,10.9333333333,34.8,21.4,93.9,2
39,0.4655,0.2415429,0.4734,0.4934429,82.8457142857,17.2542857143,28.5666666667,12.4,35.2,22.0,63.0,6
40,0.35495,0.2479333,0.3508143,0.3139167,80.49,16.7385714286,28.7,14.5,35.9,21.1,68.9,2
41,0.1556167,0.19152,0.2151857,0.1546143,86.8528571429,18.4471428571,28.06,10.1,33.7,22.1,162.6,7
42,0.3215,0.2769,0.2100857,0.3337571,90.3785714286,19.5957142857,28.6,10.1,35.4,22.8,8.1,4
43,0.4882286,0.3681429,0.4377429,0.3788286,89.7,18.3114285714,27.56,10.42,33.8,19.8,143.3,6
44,0.3603286,0.2740143,0.3477143,0.3247857,82.9342857143,18.63,28.8333333333,11.2666666667,35.7,22.0,14.0,6
45,0.2951286,0.2463857,0.3020714,0.277,92.0885714286,19.7314285714,28.25,9.55,33.9,22.4,108.7,2
46,0.3191429,0.1862857,0.2737,0.2470286,94.44,17.7914285714,27.6,10.1666666667,33.2,21.8,85.6,13
47,0.3405571,0.2662571,0.3427286,0.3283857,94.3028571429,18.6385714286,27.0,9.0,32.3,22.5,205.3,10
48,0.1504714,0.1515714,0.1926,0.1557286,89.55,18.7442857143,27.9,9.03333333333,34.9,22.9,115.1,5
49,0.4470833,0.3015143,0.3405714,0.4276,96.7957142857,19.4257142857,28.4,8.8,33.7,23.2,10.9,2
50,0.3785,0.3020333,0.3492286,0.4147857,95.8757142857,19.1114285714,,,33.8,,,0
51,0.32782,0.26192,0.3814667,0.35295,95.0785714286,18.3585714286,,,32.9,23.5,,1
1,0.2201167,0.1589571,0.1905714,0.1324,95.9271428571,18.1442857143,26.6,7.95,31.9,21.5,133.4,0
2,0.1732857,0.2069333,0.1343,0.2379571,96.2385714286,17.9628571429,26.825,7.725,31.7,22.9,61.5,14
3,0.2719,0.2938,0.2094143,0.2523,94.6471428571,17.9757142857,27.775,9.55,33.4,22.2,178.0,6
4,0.1936714,0.1394714,0.2619,0.3068571,96.9971428571,18.6885714286,27.7,9.12,33.6,22.0,149.9,10
5,0.1744143,0.1805,0.1590714,0.2003143,93.1357142857,18.4142857143,27.725,10.3,35.0,22.3,60.3,5
6,0.3175,0.4014857,0.3285429,0.4429286,87.53,17.3228571429,28.6,10.9,35.4,22.4,9.9,12
7,0.2858,0.2957,0.2570286,0.3195714,75.8042857143,15.6857142857,28.85,13.0333333333,36.7,21.4,61.3,9
8,0.2570143,0.1182333,0.1790857,0.2372286,72.4457142857,15.9185714286,28.74,13.36,36.2,21.2,0.0,5
9,0.1735,0.1996333,0.1745,0.1659167,78.5857142857,16.02,28.56,13.34,35.8,20.4,28.0,11
10,0.216,0.2136,0.1889143,0.2275286,94.3485714286,17.9114285714,27.3,9.9,33.0,21.9,205.3,2
11,0.3033167,0.2850333,0.2571429,0.2926143,96.5228571429,17.8814285714,28.0,10.1,33.1,21.7,138.0,6
12,0.21324,0.2231286,0.2643714,0.2218286,90.8585714286,17.47,27.0,10.65,33.9,21.7,252.7,7
13,0.2386714,0.2447429,0.2162286,0.2591857,93.5857142857,18.2142857143,28.25,9.6,34.6,21.5,66.1,6
14,0.2381,0.1912,0.2749571,0.2738,95.82,18.5942857143,27.2666666667,8.83333333333,34.0,22.6,94.3,5
15,0.1525167,0.1494857,0.2294143,0.1575571,95.5271428571,18.3285714286,27.85,8.85,34.4,21.3,60.4,9
16,0.1430857,0.2071571,0.1684571,0.2743143,94.7214285714,17.5514285714,27.4,9.5,33.5,22.1,97.1,5
17,0.2713714,0.1836571,0.203,0.3006,95.5257142857,18.1042857143,27.0333333333,7.76666666667,34.1,22.0,261.7,8
18,0.1947143,0.1541,0.2957143,0.1730857,93.47,17.5171428571,27.85,9.75,33.0,21.0,118.2,3
19,0.1582571,0.1622857,0.1830714,0.2322714,95.0371428571,17.6114285714,28.1,9.2,33.5,21.5,38.1,4
20,0.1701857,0.1714,0.162,0.2290714,91.8328571429,15.6485714286,28.1,8.7,32.5,19.0,191.4,11
21,0.3646143,0.2568286,0.3299,0.3496857,94.8528571429,17.7185714286,28.25,10.55,33.8,21.7,86.6,5
22,0.09005714,0.08222857,0.1110571,0.06474286,89.28,15.74,24.7,10.6333333333,32.8,17.5,61.8,8
23,0.2085,0.25695,0.2148833,0.2338571,91.72,16.7271428571,26.5,9.7,31.3,20.4,0.5,4
24,0.3420714,0.2853,0.3405571,0.3012286,91.4585714286,16.3885714286,26.6,9.65,32.6,20.7,12.9,3
25,0.1667,0.1207857,0.1729714,0.1659,94.0657142857,16.4228571429,25.9666666667,7.6,32.0,21.2,126.0,1
26,0.1534571,0.1744571,0.2022143,0.1292571,92.6714285714,16.6314285714,26.5666666667,8.63333333333,31.7,20.7,10.2,2
27,0.1814429,0.2692286,0.1934571,0.2099429,78.0742857143,13.8042857143,25.9,10.5666666667,32.0,19.6,,3
28,0.3217667,0.2734,0.2545,0.3513,83.3871428571,15.4157142857,26.75,10.375,32.7,19.9,54.1,4
29,0.3075571,0.3397,0.3642429,0.3648429,94.2471428571,16.3914285714,26.5333333333,7.83333333333,31.3,20.9,22.9,1
30,0.3589714,0.4017571,0.2960857,0.4225,84.1557142857,15.8457142857,27.35,10.1,33.2,20.7,11.9,8
31,0.4172286,0.3699286,0.3669714,0.4898714,82.5714285714,14.7185714286,24.25,9.75,34.0,16.4,55.9,5
32,0.2782429,0.2361286,0.2923,0.2669571,76.6185714286,14.3371428571,26.475,12.0,32.7,17.2,30.3,3
33,0.2666667,0.2719333,0.2438857,0.1964571,80.9357142857,15.5657142857,26.9,11.0,33.1,21.3,76.5,2
34,0.3393714,0.3569714,0.3291286,0.3687143,79.3342857143,15.7571428571,27.125,10.825,33.3,19.9,22.1,7
35,0.2787857,0.2463571,0.2349857,0.3737429,67.7571428571,14.7942857143,27.05,12.175,34.7,19.9,0.0,1
36,0.27955,0.2826857,0.3277143,0.3280571,92.6571428571,17.1828571429,26.3,7.9,34.0,20.9,37.1,6
37,0.2888167,0.2889571,0.2660714,0.3393,84.4128571429,16.65,26.9,10.625,32.9,21.4,150.9,7
38,0.3156571,0.3545,0.3326429,0.4172,86.7071428571,17.3671428571,27.2,10.8333333333,33.0,21.6,16.3,5
39,0.2309,0.2363429,0.2308857,0.3128,78.5642857143,16.8042857143,27.8333333333,11.7,34.1,21.1,34.0,2
40,0.3199714,0.2544167,0.3151,0.2934714,89.8442857143,17.84,28.4,12.65,35.5,21.6,107.9,6
41,0.3851857,0.4050714,0.3106286,0.4381286,80.45,17.01,28.4,10.6,34.2,21.8,145.1,11
42,0.2251286,0.1505143,0.1959857,0.2383857,86.7057142857,18.2657142857,29.0,12.3,35.2,21.9,4.1,6
43,0.4034714,0.3202286,0.4087,0.4229,94.7814285714,17.5428571429,26.9,9.36666666667,32.1,20.9,79.3,3
44,0.2657429,0.2856,0.2923143,0.2469143,95.5928571429,18.6728571429,27.0,9.36666666667,34.0,21.6,0.0,11
45,0.3334571,0.3242571,0.2469,0.3311286,84.85,17.9785714286,28.7,11.4333333333,34.8,22.5,22.1,11
46,0.1784286,0.12875,0.2167714,0.1853,93.5542857143,18.5485714286,27.675,10.85,33.5,21.6,111.3,5
47,0.2284714,0.1886571,0.2345571,0.1996714,96.2142857143,18.6128571429,26.62,7.86,33.3,21.8,80.0,4
48,0.16564,0.1793,0.1276,0.1819143,96.5228571429,18.9242857143,27.125,8.35,32.3,22.4,293.1,9
49,0.2993714,0.3367143,0.2615857,0.3498429,91.6542857143,18.6071428571,27.9,10.0,33.0,22.8,142.0,23
50,0.3138333,0.2335143,0.2426,0.2937429,86.7557142857,17.91,28.85,10.25,34.2,22.6,23.1,28
51,0.2698,0.2756857,0.2755143,0.2367143,96.0742857143,18.0342857143,27.625,9.0,32.9,22.4,261.3,26
52,0.1992,0.1947667,0.1711111,0.2308222,93.4685714286,17.9828571429,27.7,8.75,32.1,21.7,28.1,7
1,0.1914714,0.1554143,0.1760143,0.1872429,78.67,16.26,28.275,11.575,36.0,21.5,,29
2,0.4449333,0.27585,0.3569,0.4697286,95.28,16.6814285714,25.8,6.3,31.4,22.6,104.4,58
3,0.1882286,0.2208286,0.2332429,0.1699714,94.9685714286,18.8657142857,27.4333333333,9.46666666667,33.8,21.8,125.3,26
4,0.2779714,0.3249286,0.2219143,0.2956714,95.1257142857,17.84,,,31.3,21.9,46.3,38
5,0.35195,0.3705714,0.3138,0.4029714,93.0,18.6857142857,27.5666666667,8.9,32.2,22.8,121.2,35
6,0.2256429,0.17075,0.1981,0.1860714,78.1314285714,16.2842857143,27.8666666667,11.1,34.5,20.5,5.1,37
7,0.1739429,0.1989167,0.1684286,0.1734286,95.7071428571,18.5571428571,26.6,8.03333333333,31.7,22.1,9.2,20
8,0.24095,0.2236,0.1620429,0.1874429,92.37,17.13,28.0,10.8,33.4,22.0,115.3,29
9,0.3493143,0.2227286,0.2677286,0.3878714,96.9271428571,17.9471428571,26.85,8.35,32.5,22.5,127.6,25
10,0.1697429,0.1386667,0.1700571,0.2008429,88.9728571429,17.0642857143,27.18,8.88,33.3,21.9,119.6,23
11,0.1292429,0.1729571,0.1260286,0.1506571,89.2685714286,17.5057142857,26.25,7.8,33.2,22.2,64.4,9
12,0.2383333,0.2327286,0.1239429,0.2000714,93.4514285714,16.9971428571,,,31.7,22.0,100.9,3
13,0.3366,0.3042143,0.3229,0.3773143,94.0742857143,17.5071428571,26.9,8.26666666667,31.7,22.6,282.7,6
14,0.2700833,0.1902714,0.1906571,0.2151571,90.9571428571,17.4214285714,27.8666666667,9.0,33.4,22.5,21.1,6
15,0.2843571,0.3536714,0.3217857,0.3028286,95.1571428571,18.3157142857,28.3,9.0,32.8,21.0,53.1,3
16,0.3026143,0.2446714,0.2963143,0.3287571,92.1242857143,17.5042857143,26.8,8.1,33.6,21.7,61.0,1
17,0.2706,0.3713143,0.3442286,0.2830714,97.9714285714,17.9642857143,26.65,7.7,33.0,21.6,85.9,3
18,0.06172857,0.1339,0.09471429,0.1178429,93.6628571429,18.3985714286,27.8666666667,8.0,32.5,22.7,31.2,1
19,0.1361571,0.1631571,0.1391571,0.1345571,93.1585714286,16.18,26.6,8.96666666667,32.4,20.6,18.0,1
20,0.1963857,0.29632,0.2641571,0.2255857,91.5042857143,14.78,26.1666666667,7.9,31.0,18.0,6.1,0
21,0.2210167,0.2353167,0.1804429,0.1994714,96.6214285714,17.1442857143,26.35,8.85,31.5,21.4,58.2,2
22,0.12245,0.1571,0.086,0.1033143,96.0257142857,17.52,27.2,9.2,32.3,21.7,76.1,1
23,0.1951857,0.1577143,0.1844286,0.1336143,93.9828571429,16.7114285714,26.9,7.55,31.1,20.4,13.6,1
24,0.2937429,0.2643667,0.2466286,0.2919571,88.81,15.3757142857,,,,17.8,6.4,0
25,0.2240286,0.1754714,0.2656571,0.2452143,95.86,17.4471428571,,,,21.0,79.8,0
26,0.1970429,0.2779833,0.2139429,0.2656143,93.7957142857,16.7128571429,,,,18.0,93.5,1
27,0.3048286,0.2336714,0.2489143,0.2558143,86.5242857143,15.2857142857,,,,20.8,1.3,0
28,0.15385,0.1495857,0.3294429,0.1328857,85.6557142857,15.08,,,,21.0,0.0,3
29,0.2323857,0.2139571,0.2203,0.1984286,93.0557142857,16.1428571429,,,,21.0,44.2,3
30,0.3270167,0.2091167,0.2837667,0.30955,92.7771428571,16.5828571429,26.6,9.775,32.4,20.8,18.1,1
31,0.3548,0.34655,0.2674167,0.3921167,92.0485714286,16.8728571429,26.68,11.24,33.4,20.6,36.4,5
32,0.2002,0.2513857,0.2113429,0.1997286,91.0928571429,17.0571428571,27.4,12.1,34.2,18.5,18.1,2
33,0.4303714,0.4330143,0.4369143,0.4657286,90.7271428571,16.8471428571,27.9,11.225,34.8,19.8,11.0,5
34,0.2833,0.3044714,0.2744571,0.3805,78.2771428571,15.9985714286,28.0,14.075,38.6,19.2,7.9,5
35,0.3181857,0.3197667,0.3081714,0.3236,84.4914285714,16.6528571429,27.8333333333,12.5333333333,35.1,20.4,44.0,5
36,0.3398,0.3691,0.2888,0.3092333,83.05,16.4657142857,27.35,13.225,36.2,20.4,8.1,9
37,0.2319,0.27625,0.2612,0.2327833,92.6528571429,17.03,27.9666666667,12.5833333333,36.2,20.8,16.5,17
38,0.2168,0.2773333,0.2089333,0.3362667,88.5257142857,16.8185714286,27.8,11.6,35.6,20.7,50.1,19
39,0.41495,0.3634286,0.3224,0.4006857,90.1814285714,17.0471428571,27.75,12.45,37.0,20.8,26.9,25
40,0.3930857,0.3782714,0.3437,0.4048429,79.5028571429,16.3314285714,,,36.0,19.6,1.0,45
41,0.1605571,0.1638714,0.1949333,0.2061143,78.4542857143,17.0185714286,30.0333333333,13.9666666667,37.0,21.5,57.7,34
42,0.2882,0.2278571,0.2807571,0.3579714,88.8571428571,17.5271428571,26.45,9.1,34.7,21.0,24.9,63
43,0.3291571,0.2279,0.2733429,0.2568429,93.8542857143,18.3885714286,27.3333333333,10.0666666667,35.5,21.5,24.2,44
44,0.1617429,0.1962,0.1982714,0.2196143,92.6085714286,18.4842857143,27.4,11.35,35.0,21.2,0.0,50
45,0.5010286,0.445,0.4276857,0.5457286,95.29,19.2528571429,27.82,12.1,35.6,21.2,109.0,35
46,0.3042857,0.2946429,0.3062714,0.4003857,88.3285714286,17.6257142857,28.3,12.8666666667,36.0,20.5,42.6,16
47,0.1930571,0.1965286,0.1762571,0.1830571,94.1414285714,19.6171428571,27.9666666667,12.1,34.5,21.7,10.6,16
48,0.2510143,0.2883143,0.2537,0.3213,95.26,19.3885714286,26.1,8.35,33.5,21.0,59.0,13
49,0.1643667,0.19635,0.1731333,0.1549167,94.64,18.7785714286,26.96,10.64,33.7,21.0,80.0,9
50,0.2894167,0.34778,0.2748286,0.2580857,88.5514285714,17.7842857143,27.8,11.175,35.0,21.2,17.2,15
51,0.1783857,0.2191714,0.2497286,0.1923,91.7771428571,18.5728571429,27.825,12.15,35.0,20.5,51.0,4
52,0.2634125,0.219875,0.2000875,0.226625,81.8685714286,17.2485714286,28.08,12.02,35.4,21.2,0.5,0
1,0.1512857,0.1616857,0.1532714,0.1194429,,,,,,,,1
2,0.2299167,0.12234,0.2611667,0.22305,95.2228571429,18.4614285714,27.2666666667,11.1,34.8,21.1,86.1,10
3,0.1884857,0.1881857,0.2039143,0.2775,98.61,17.9957142857,27.18,10.24,33.3,21.1,72.8,11
4,0.1884571,0.1993143,0.2027,0.2139286,92.4671428571,16.6414285714,27.5666666667,10.7,34.0,21.8,11.2,29
5,0.1667333,0.1737333,0.1904333,0.1617167,94.9285714286,18.13,27.65,11.65,33.9,21.1,67.8,35
6,0.2799143,0.2402857,0.1957286,0.3076571,97.0071428571,18.4842857143,27.4666666667,12.3333333333,35.0,21.0,44.1,30
7,0.1702714,0.1511143,0.1404714,0.1429714,94.2342857143,17.7657142857,28.1,12.3333333333,35.0,21.2,14.0,20
8,0.1887857,0.1594571,0.1568714,0.2029857,92.9057142857,17.8528571429,27.7,12.54,35.0,20.5,111.4,21
9,0.28236,0.3051167,0.2940833,0.3160167,95.1214285714,18.1285714286,26.58,10.52,33.2,20.5,84.1,12
10,0.3620714,0.3367,0.3453,0.3792857,94.3785714286,18.3542857143,28.4,11.45,35.0,21.0,49.1,9
11,0.2034286,0.1784429,0.2259714,0.2018714,98.1342857143,18.3528571429,27.3,11.8,33.8,21.0,0.0,11
12,0.1578833,0.1921,0.2137286,0.2013857,95.7085714286,18.1057142857,27.8,10.5,33.7,21.0,14.3,9
13,0.2235857,0.2591333,0.2632857,0.3057857,94.9028571429,17.78,28.5,11.5,34.4,21.5,45.0,5
14,0.08905714,0.05895,0.08927143,0.09934286,96.3957142857,18.1757142857,27.95,10.9,34.2,21.7,19.0,11
15,0.1468429,0.1416571,0.1411857,0.1487714,89.6728571429,17.42,27.1333333333,10.8666666667,35.0,21.0,134.9,3
16,0.2236,0.1788286,0.175,0.2161429,97.3,17.7042857143,26.9,10.8333333333,33.0,21.2,87.3,5
17,0.1953429,0.2856714,0.1611857,0.2023857,96.6642857143,18.5042857143,26.8,8.7,34.4,21.2,41.2,5
18,0.2835857,0.3455143,0.2374429,0.3161286,95.0785714286,18.0185714286,27.15,10.75,34.0,21.0,30.8,4
19,0.1907571,0.2645571,0.2538857,0.2192,95.1,18.09,28.1,10.5,35.0,22.0,44.0,4
20,0.2077429,0.2278571,0.2542,0.2160429,93.2985714286,17.8585714286,28.075,11.425,35.0,22.0,11.2,1
21,0.3312143,0.2172,0.2093857,0.3445143,91.79,17.5857142857,28.35,11.45,34.6,21.4,50.5,0
22,0.2383429,0.1973167,0.1655,0.1901429,97.7428571429,17.83,27.6,10.2666666667,34.4,21.0,19.3,2
23,0.114,0.09244286,0.09747143,0.1262857,95.5071428571,16.7571428571,28.1,11.8,34.0,22.2,,3
24,0.1871286,0.1578,0.1434571,0.1994714,94.13,15.4828571429,24.6666666667,8.63333333333,33.5,20.0,23.9,3
25,0.2916714,0.3070286,0.3562286,0.3891143,93.9714285714,16.3628571429,27.05,10.9,33.5,19.4,21.0,5
26,0.2708,0.2051833,0.2401286,0.2001571,94.5557142857,17.6671428571,27.375,11.125,33.4,21.2,40.6,2
27,0.1868571,0.1769143,0.2230714,0.2189857,94.5385714286,16.8742857143,27.45,10.7,33.4,21.4,14.0,1
28,0.3859143,0.2903833,0.3364286,0.2927857,95.3857142857,16.68,27.6,10.7666666667,33.4,21.6,2.0,2
29,0.21965,0.37805,0.2238714,0.2659,94.6242857143,16.92,26.825,10.425,34.5,21.3,38.9,0
30,0.2078833,0.28085,0.1756,0.2616,88.23,15.51,26.95,10.25,32.2,21.0,20.4,0
31,0.1543571,0.1152714,0.1534571,0.1559,89.9714285714,16.6028571429,27.0,11.5,33.5,20.5,32.0,3
32,0.395,0.3527333,0.4842857,0.4019143,87.8114285714,16.3371428571,27.975,12.1,35.4,20.5,,5
33,0.3308857,0.4083,0.4433571,0.3347714,87.11,17.04,27.7,11.5,33.4,21.0,20.1,5
34,0.2206286,0.1943571,0.2785714,0.2604571,80.64,16.2285714286,28.32,12.86,36.2,21.2,1.0,7
35,0.2453429,0.1859857,0.1813429,0.2820571,88.1771428571,18.1228571429,29.0,13.0,36.2,22.0,27.2,5
36,0.5083571,0.4544286,0.5383143,0.5148286,94.9928571429,17.9885714286,27.6,13.2,34.2,21.0,47.5,2
37,0.1896167,0.192,0.2368143,0.2696857,75.2328571429,15.8657142857,29.1666666667,14.1333333333,37.4,21.4,6.1,2
38,0.26632,0.3133667,0.1956571,0.3070714,78.1185714286,16.2028571429,28.85,12.75,37.2,20.4,0.8,2
39,0.2943143,0.2706714,0.3020714,0.2540143,83.7628571429,17.38,28.8666666667,13.3,37.0,21.0,8.1,0
40,0.2063,0.2552571,0.2799571,0.2066571,91.5757142857,17.9471428571,27.95,12.225,35.2,20.5,33.1,2
41,0.2322714,0.2725,0.2715714,0.2853857,89.31,18.1342857143,27.64,11.66,34.8,21.0,29.4,1
42,0.2974143,0.2821714,0.2559286,0.3197857,79.2228571429,16.8957142857,27.75,10.65,34.2,21.2,11.2,1
43,0.2968,0.3084857,0.3623,0.3616571,90.6571428571,18.6614285714,27.7333333333,12.2,35.3,21.0,137.1,2
44,0.2907571,0.23795,0.3176857,0.2616,93.8085714286,19.2542857143,27.8,11.32,35.2,21.0,11.2,2
45,0.3886714,0.3728167,0.2499,0.3730143,90.3728571429,18.9371428571,29.8666666667,12.7333333333,36.8,21.2,3.5,3
46,0.3688714,0.3799571,0.3800286,0.4679286,84.3114285714,18.6642857143,28.94,11.96,35.3,21.9,88.2,9
47,0.40705,0.3351,0.3665,0.38935,80.7871428571,17.8071428571,28.9,12.3333333333,36.2,22.3,39.1,5
48,0.3361143,0.2877667,0.3254571,0.3576,89.5942857143,19.0014285714,28.4333333333,11.8333333333,36.2,21.8,17.0,5
49,0.3485286,0.2904,0.4106143,0.3704571,91.7085714286,18.6714285714,28.025,10.375,35.3,22.2,49.0,4
50,0.1922,0.1935286,0.2398857,0.2858857,87.7528571429,18.3042857143,28.55,11.0,35.2,21.2,41.9,4
51,0.2176,0.2403,0.1817714,0.2623,92.9585714286,18.6014285714,28.2,11.125,35.6,22.0,54.1,1
52,0.2104222,0.2571375,0.2211333,0.3002556,96.8857142857,18.18,27.2,8.2,32.2,21.8,31.2,0
53,,,,,,,,,,,,0
1,0.1245714,0.1791286,0.1638429,0.1354714,78.2714285714,16.1271428571,28.6,12.3,35.1,21.8,,10
2,0.1452857,0.1423143,0.1353,0.1675286,89.8071428571,17.7585714286,27.8333333333,11.3,34.2,22.1,15.0,9
3,0.2521143,0.2304857,0.1873286,0.3027857,87.6414285714,18.0014285714,28.9666666667,11.2666666667,35.2,22.5,0.8,17
4,0.2632714,0.2306,0.2188714,0.2612857,91.7985714286,18.1928571429,27.8,10.52,35.3,22.4,166.0,16
5,0.1701,0.1421167,0.1179143,0.1393429,90.6485714286,18.5228571429,27.8,9.26666666667,34.2,22.0,62.3,11
6,0.2307571,0.1892571,0.1634857,0.2388714,96.5157142857,19.3457142857,27.0,8.3,33.2,22.9,14.5,12
7,0.2933,0.2478286,0.2066286,0.2666714,88.3657142857,18.8571428571,27.3,11.8,35.5,21.4,60.9,19
8,0.3036571,0.2600571,0.2254857,0.3333143,94.9157142857,19.7728571429,28.02,10.36,35.4,21.4,29.9,15
9,0.1273167,0.18116,0.1204667,0.1427667,97.7,19.7542857143,28.5,9.9,35.4,21.2,9.9,12
10,0.3117286,0.2926857,0.2725857,0.3948,96.25,20.0914285714,28.55,10.05,35.4,21.4,44.5,12
11,0.2946,0.2509714,0.2814714,0.3416429,96.1242857143,20.4614285714,30.0,12.0,36.0,22.0,22.9,16
12,0.2662857,0.3012333,0.296,0.2957429,93.0828571429,19.3685714286,27.4666666667,9.33333333333,34.5,21.0,20.0,9
13,0.1414333,0.2047286,0.2509714,0.1452429,88.7071428571,18.2142857143,27.9333333333,12.3,35.3,21.0,16.0,4
14,0.2428429,0.2727571,0.2022714,0.2601143,95.1828571429,20.0785714286,29.2,12.3,35.4,22.5,,9
15,0.1576857,0.1566143,0.1840143,0.1358857,93.6557142857,18.6771428571,27.15,9.6,33.0,21.2,18.0,6
16,0.2314857,0.2946857,0.3316571,0.2444,95.9957142857,19.4485714286,27.85,9.6,33.5,22.5,51.1,8
17,0.2397429,0.2592714,0.3077857,0.3079429,87.6571428571,18.0685714286,28.85,12.125,36.2,21.4,35.4,4
18,0.2608143,0.2557857,0.2577714,0.3402857,96.7128571429,18.6028571429,27.6,9.6,33.2,21.4,8.1,2
19,0.1686857,0.1585,0.1330714,0.1456,97.4457142857,18.3914285714,27.4,10.4,33.7,21.2,32.0,7
20,0.2630714,0.2725,0.2582714,0.2445,78.9985714286,14.9085714286,25.6333333333,9.2,34.0,20.0,2.5,6
21,0.34275,0.3189,0.2563429,0.2925143,88.7657142857,18.4857142857,28.6333333333,11.9333333333,35.4,22.4,27.0,5
22,0.1601571,0.1603714,0.1360429,0.2256571,91.6,18.07,27.4333333333,10.5,34.7,21.7,36.6,8
23,0.2470571,0.1460571,0.2503571,0.2337143,94.28,17.0085714286,24.4,6.9,32.2,19.2,7.4,1
24,0.3339143,0.2457714,0.2788857,0.3254857,94.66,16.8157142857,25.4333333333,8.73333333333,31.2,21.0,16.0,1
25,0.2981857,0.2329714,0.2742143,0.3157571,89.0828571429,17.3557142857,27.475,9.9,33.7,22.2,20.4,4
